problem_id,title,difficulty,tags
two-sum,Two Sum,Easy,"array,hash-table"
add-two-numbers,Add Two Numbers,Medium,"linked-list,math"
longest-substring-without-repeating-characters,Longest Substring Without Repeating Characters,Medium,"hash-table,string,sliding-window"
median-of-two-sorted-arrays,Median of Two Sorted Arrays,Hard,"array,binary-search,divide-and-conquer"
longest-palindromic-substring,Longest Palindromic Substring,Medium,"string,dynamic-programming"
zigzag-conversion,Zigzag Conversion,Medium,"string"
reverse-integer,Reverse Integer,Medium,"math"
string-to-integer-atoi,String to Integer (atoi),Medium,"string"
palindrome-number,Palindrome Number,Easy,"math"
regular-expression-matching,Regular Expression Matching,Hard,"string,dynamic-programming,recursion"
